block_date,total_eth_balance,number_of_addresses
1970-01-01,72009990.49948,8891
2015-07-30,72049301.59323,9203
2015-07-31,72085493.31198,9359
2015-08-01,72113195.49948,9474
2015-08-02,72141422.68698,9561
2015-08-03,72169399.40573,9637
2015-08-04,72197877.84323,9694
2015-08-05,72225406.43698,9747
2015-08-06,72252481.90573,9788
2015-08-07,72279919.15053595,10025
2015-08-08,72307862.125322669,10193
2015-08-09,72335040.243704313,10325
2015-08-10,72362857.376349097,10471
2015-08-11,72390884.876996589,10584
2015-08-12,72418255.627178561,10750
2015-08-13,72446523.526543213,10982
2015-08-14,72477629.774101458,11195
2015-08-15,72506142.241725347,11395
2015-08-16,72533236.616494994,11564
2015-08-17,72561355.425680796,11709
2015-08-18,72587518.148432726,11872
2015-08-19,72614800.025892105,12031
2015-08-20,72635856.920417509,12401
2015-08-21,72662547.636591324,12265
2015-08-22,72690097.889751791,12380
2015-08-23,72716353.524073128,12547
2015-08-24,72743686.75843586,12639
2015-08-25,72770422.636254877,12737
2015-08-26,72796560.43820048,12795
2015-08-27,72821093.017568542,12900
2015-08-28,72845317.996052848,12964
2015-08-29,72867842.780534938,13002
2015-08-30,72889296.180945862,13083
2015-08-31,72910589.535962481,13143
2015-09-01,72930928.599396805,13202
2015-09-02,72949319.494136624,13288
2015-09-03,72966700.316123001,13348
2015-09-04,72989782.028209781,13417
2015-09-05,73015410.829927377,13461
2015-09-06,73041579.083631643,13479
2015-09-07,73067039.398592016,13558
2015-09-08,73092927.994097965,13592
2015-09-09,73119359.293640026,13657
2015-09-10,73145803.363774513,13690
2015-09-11,73173041.648250015,13758
2015-09-12,73199444.052677606,13828
2015-09-13,73225615.339021324,13948
2015-09-14,73251203.249752882,14013
2015-09-15,73276818.533439841,14133
2015-09-16,73303136.525266334,14199
2015-09-17,73328571.957507263,14212
2015-09-18,73354466.126633491,14272
2015-09-19,73381653.259537755,14296
2015-09-20,73409635.85822206,14319
2015-09-21,73436287.551803644,14335
2015-09-22,73462657.803430431,14339
2015-09-23,73489738.111097457,14425
2015-09-24,73516123.727899132,14471
2015-09-25,73543127.179589765,14504
2015-09-26,73569037.413649701,14526
2015-09-27,73594048.357839455,14542
2015-09-28,73618762.523808255,14604
2015-09-29,73643127.015753237,14617
2015-09-30,73668224.456574446,14657
2015-10-01,73695646.405911699,14663
2015-10-02,73722559.361673644,14691
2015-10-03,73749013.026170196,14771
2015-10-04,73774493.071616787,14811
2015-10-05,73800629.92813814,14860
2015-10-06,73825666.371883721,14911
2015-10-07,73851799.927027922,14950
2015-10-08,73878578.268225876,14962
2015-10-09,73904029.598615275,15006
2015-10-10,73929529.252849671,15040
2015-10-11,73956036.105151688,15033
2015-10-12,73982839.686541942,15049
2015-10-13,74009507.950295309,15186
2015-10-14,74035383.363367992,15321
2015-10-15,74060993.751888767,15469
2015-10-16,74086434.980095077,15472
2015-10-17,74112885.488163734,15492
2015-10-18,74138733.466422331,15557
2015-10-19,74164700.066841268,15707
2015-10-20,74190892.438285387,15730
2015-10-21,74216938.659993989,15928
2015-10-22,74242269.327483656,16023
2015-10-23,74269824.116384978,16030
2015-10-24,74296942.772753509,16326
2015-10-25,74323756.801121548,16455
2015-10-26,74349668.892884345,16688
2015-10-27,74377198.163196422,16752
2015-10-28,74403542.624318689,16796
2015-10-29,74431053.152482446,16958
2015-10-30,74458772.765535371,17308
2015-10-31,74486523.708346303,17548
2015-11-01,74514703.758370494,18006
2015-11-02,74541837.600340012,18182
2015-11-03,74569443.268663636,18437
2015-11-04,74597159.571700511,18662
2015-11-05,74624450.758225753,18748
2015-11-06,74651872.741534581,18764
2015-11-07,74678587.779819497,19112
2015-11-08,74705876.792036239,19656
2015-11-09,74732936.058688311,19849
2015-11-10,74760379.950008827,19860
2015-11-11,74788199.869577727,20072
2015-11-12,74816230.971789347,20037
2015-11-13,74844415.995229948,20174
2015-11-14,74872773.384647233,20136
2015-11-15,74900893.507815249,20185
2015-11-16,74928288.575115863,20231
2015-11-17,74956082.061886103,20306
2015-11-18,74983333.902061001,20331
2015-11-19,75009897.234320164,20371
2015-11-20,75035027.711800512,20501
2015-11-21,75061809.80595135,20448
2015-11-22,75088798.345619506,20911
2015-11-23,75116070.580597417,20933
2015-11-24,75142918.57153538,21067
2015-11-25,75169390.329577901,21091
2015-11-26,75195928.745606083,21190
2015-11-27,75223815.52978839,21518
2015-11-28,75251016.598569926,21199
2015-11-29,75278367.489788829,21229
2015-11-30,75305727.372164777,21356
2015-12-01,75333270.179319731,21427
2015-12-02,75359277.167686931,21481
2015-12-03,75387340.40064314,21531
2015-12-04,75414019.698055662,21631
2015-12-05,75440601.553699428,21709
2015-12-06,75466857.170316318,21668
2015-12-07,75493576.399526835,21707
2015-12-08,75519888.719059329,21740
2015-12-09,75548212.742500526,21783
2015-12-10,75575689.981160542,21835
2015-12-11,75602712.66173331,21870
2015-12-12,75629919.129008414,22221
2015-12-13,75657826.397430184,22291
2015-12-14,75684534.981650623,22375
2015-12-15,75711549.406022089,22432
2015-12-16,75738006.55896175,22431
2015-12-17,75764889.682264088,22541
2015-12-18,75791561.093578967,22663
2015-12-19,75818255.605731182,22716
2015-12-20,75844691.624335684,22799
2015-12-21,75871149.305546495,22890
2015-12-22,75898523.515761957,22933
2015-12-23,75925922.789530413,22981
2015-12-24,75952609.284968268,23016
2015-12-25,75979412.818177732,23070
2015-12-26,76005972.887483231,23126
2015-12-27,76032826.607764058,23213
2015-12-28,76059884.39975799,23278
2015-12-29,76086545.481471551,23313
2015-12-30,76113281.697681446,24011
2015-12-31,76140189.797154292,23484
2016-01-01,76166260.034968158,23550
2016-01-02,76193643.811981604,23604
2016-01-03,76221319.498040037,23694
2016-01-04,76248739.999178646,23768
2016-01-05,76276579.226409336,23860
2016-01-06,76304204.508537384,23983
2016-01-07,76331226.522892563,24076
2016-01-08,76359223.021563743,24175
2016-01-09,76386818.54992199,24393
2016-01-10,76414106.209410973,24361
2016-01-11,76441110.986457651,24494
2016-01-12,76467011.328019122,24611
2016-01-13,76493546.379713762,24700
2016-01-14,76520465.345397955,24806
2016-01-15,76547262.098090493,24995
2016-01-16,76573784.946488334,25166
2016-01-17,76600384.538738591,25362
2016-01-18,76627004.14719769,25583
2016-01-19,76653096.678061434,25728
2016-01-20,76679639.515867795,25689
2016-01-21,76705558.50185735,25907
2016-01-22,76731813.321039902,26145
2016-01-23,76757582.152509068,26428
2016-01-24,76784820.620703201,26828
2016-01-25,76810520.438138173,27252
2016-01-26,76837504.637236096,27751
2016-01-27,76863608.428607428,28109
2016-01-28,76890168.674604869,28476
2016-01-29,76916332.287811268,28855
2016-01-30,76942524.765354457,29381
2016-01-31,76968205.673370235,29786
2016-02-01,76994636.191269647,30074
2016-02-02,77020499.941458168,30342
2016-02-03,77047801.102440936,30854
2016-02-04,77074362.768558263,31086
2016-02-05,77100920.325350171,31615
2016-02-06,77127264.570826795,31730
2016-02-07,77153948.012677202,31936
2016-02-08,77180598.702455876,32140
2016-02-09,77207071.479381909,32447
2016-02-10,77233230.14318488,32759
2016-02-11,77259705.247603926,34133
2016-02-12,77286201.204408463,35033
2016-02-13,77313082.530630402,35406
2016-02-14,77339410.092520464,35918
2016-02-15,77365632.831537651,36331
2016-02-16,77392077.04282946,36721
2016-02-17,77417747.890981581,37224
2016-02-18,77443960.693262875,37490
2016-02-19,77470614.990093101,37870
2016-02-20,77497174.825842379,38151
2016-02-21,77523709.405289264,39334
2016-02-22,77550465.133969448,39565
2016-02-23,77576633.205810076,39873
2016-02-24,77603058.558775857,40203
2016-02-25,77629880.326610832,40612
2016-02-26,77656533.0862,40940
2016-02-27,77682727.290333135,41280
2016-02-28,77709151.167525391,41670
2016-02-29,77734377.99356512,41911
2016-03-01,77760855.902718334,42300
2016-03-02,77787496.380789246,43147
2016-03-03,77813602.634908408,43958
2016-03-04,77839480.297124185,44716
2016-03-05,77866059.813102068,45632
2016-03-06,77891454.561080943,46487
2016-03-07,77917436.393339126,47013
2016-03-08,77943256.010627104,47514
2016-03-09,77968994.175755153,48175
2016-03-10,77995620.877530263,48737
2016-03-11,78021926.289878914,49218
2016-03-12,78048295.676613427,49965
2016-03-13,78075545.553001929,50856
2016-03-14,78101953.318120276,51865
2016-03-15,78133176.833608407,52649
2016-03-16,78164666.63312527,53400
2016-03-17,78196690.540502409,54001
2016-03-18,78227972.989238755,54309
2016-03-19,78260051.712226134,54788
2016-03-20,78291639.041553732,55433
2016-03-21,78323032.814874092,55695
2016-03-22,78354744.375955018,56142
2016-03-23,78386038.146752488,56721
2016-03-24,78418109.169038719,57336
2016-03-25,78449999.090307607,57911
2016-03-26,78481927.277259196,58439
2016-03-27,78513557.926096827,58723
2016-03-28,78544870.907648565,59435
2016-03-29,78576302.503932554,59070
2016-03-30,78608003.385181342,59880
2016-03-31,78639392.811362192,60617
2016-04-01,78671277.595965137,61112
2016-04-02,78702358.757304609,61636
2016-04-03,78734088.325149651,62639
2016-04-04,78766041.341863115,62711
2016-04-05,78797616.136583788,63233
2016-04-06,78828878.563347118,63596
2016-04-07,78860045.862621116,63984
2016-04-08,78891960.119035027,64340
2016-04-09,78922874.364734176,64744
2016-04-10,78954648.040726116,65088
2016-04-11,78985618.836202314,65505
2016-04-12,79017004.523587581,66088
2016-04-13,79048493.313264234,66772
2016-04-14,79079894.490691616,67039
2016-04-15,79111627.906088298,67537
2016-04-16,79143158.849763862,67958
2016-04-17,79174657.714986721,68216
2016-04-18,79206520.888269471,68742
2016-04-19,79237847.276797881,69018
2016-04-20,79269678.527970344,69414
2016-04-21,79301052.227718702,69939
2016-04-22,79332628.81160258,70252
2016-04-23,79364322.349529154,70598
2016-04-24,79395815.834800891,70889
2016-04-25,79427953.791337843,71222
2016-04-26,79459241.475412224,71589
2016-04-27,79491116.229847414,71966
2016-04-28,79522798.525220696,72404
2016-04-29,79554474.247768558,70643
2016-04-30,79586365.013972235,71148
2016-05-01,79617373.668030783,71560
2016-05-02,79649284.825174209,72150
2016-05-03,79681078.469130108,72418
2016-05-04,79712536.311568913,72962
2016-05-05,79744311.753763269,73606
2016-05-06,79776052.673311495,74163
2016-05-07,79807624.844533176,74567
2016-05-08,79839473.375063792,75078
2016-05-09,79871274.03327438,75572
2016-05-10,79902974.135590782,76058
2016-05-11,79934226.142368062,76827
2016-05-12,79966481.834653861,78622
2016-05-13,79998677.067369181,78977
2016-05-14,80030343.022457311,79759
2016-05-15,80062147.639641546,81374
2016-05-16,80093661.550904531,81712
2016-05-17,80125853.274429359,83116
2016-05-18,80158256.747788455,86195
2016-05-19,80190159.354403437,88353
2016-05-20,80222247.594647055,92062
2016-05-21,80254082.39670722,93368
2016-05-22,80286341.910966165,94473
2016-05-23,80318421.390981942,95276
2016-05-24,80350423.847131056,96247
2016-05-25,80382780.134037908,97952
2016-05-26,80414887.151245654,98976
2016-05-27,80447207.350701255,100279
2016-05-28,80479522.460010089,103486
2016-05-29,80511490.652659695,104420
2016-05-30,80543495.898270065,105056
2016-05-31,80575024.632715205,105875
2016-06-01,80607172.041213053,106773
2016-06-02,80639353.07630915,107309
2016-06-03,80671624.967254167,108075
2016-06-04,80703766.140262886,108864
2016-06-05,80735349.052762803,109565
2016-06-06,80767719.78663403,110194
2016-06-07,80799665.159281301,115162
2016-06-08,80831967.695666734,115945
2016-06-09,80864193.186627193,116800
2016-06-10,80895356.846583968,117422
2016-06-11,80927728.19909842,118372
2016-06-12,80959947.910914691,118879
2016-06-13,80992171.223542574,119987
2016-06-14,81024316.020881003,121276
2016-06-15,81056182.350433562,122373
2016-06-16,81088059.272132655,123328
2016-06-17,81121470.097223709,126484
2016-06-18,81155859.669808838,126960
2016-06-19,81189053.50696822,127754
2016-06-20,81220767.230062231,128618
2016-06-21,81252754.641795298,129484
2016-06-22,81285424.400045616,130242
2016-06-23,81317271.824385106,130978
2016-06-24,81349443.136459217,131551
2016-06-25,81381128.711375348,131988
2016-06-26,81413439.604660828,132495
2016-06-27,81445534.050432798,133104
2016-06-28,81477694.919332716,133651
2016-06-29,81509564.209555374,134299
2016-06-30,81541546.741243332,134809
2016-07-01,81574167.824150378,135287
2016-07-02,81606084.099340519,135560
2016-07-03,81638123.375231381,135970
2016-07-04,81670259.905311779,136173
2016-07-05,81701840.925145072,136684
2016-07-06,81734195.211449527,137108
2016-07-07,81766091.256199933,137683
2016-07-08,81798039.739115025,137984
2016-07-09,81830837.496232525,138526
2016-07-10,81862802.32258623,139022
2016-07-11,81894787.174466703,139426
2016-07-12,81926543.982131631,139856
2016-07-13,81958701.381355007,139909
2016-07-14,81990516.01903059,140343
2016-07-15,82022400.259537283,140684
2016-07-16,82054565.876641516,141227
2016-07-17,82086347.10800969,141520
2016-07-18,82118845.883387811,142481
2016-07-19,82150619.997129013,133043
2016-07-20,82182532.495186132,134379
2016-07-21,82215319.920686527,134712
2016-07-22,82247010.397088263,135247
2016-07-23,82279401.025539755,136199
2016-07-24,82310867.848380654,134175
2016-07-25,82342857.972328839,135904
2016-07-26,82373626.266117455,133503
2016-07-27,82406569.185835588,130900
2016-07-28,82438923.431623412,131865
2016-07-29,82470861.112254471,133832
2016-07-30,82502501.981944461,134345
2016-07-31,82534719.521288551,134557
2016-08-01,82566310.888053868,134702
2016-08-02,82597662.356299344,134464
2016-08-03,82629364.519397135,134764
2016-08-04,82662218.789408842,135462
2016-08-05,82694450.028153906,136520
2016-08-06,82726033.959158014,136411
2016-08-07,82758327.220422674,136558
2016-08-08,82790501.507328249,136822
2016-08-09,82823166.238193906,137484
2016-08-10,82855327.674868019,138077
2016-08-11,82887521.732651683,138820
2016-08-12,82919632.247451316,139159
2016-08-13,82951630.351819848,139630
2016-08-14,82983592.264641382,139658
2016-08-15,83015923.628473735,140073
2016-08-16,83047958.942507743,139429
2016-08-17,83079952.170790523,139781
2016-08-18,83112739.732504791,140225
2016-08-19,83144579.729234853,140603
2016-08-20,83176806.173440011,140597
2016-08-21,83209504.310441266,140994
2016-08-22,83241793.449317895,142203
2016-08-23,83273977.356848295,141681
2016-08-24,83306249.06025382,142080
2016-08-25,83338383.064879701,142336
2016-08-26,83370252.405324266,142764
2016-08-27,83402557.546940795,143129
2016-08-28,83434580.089320965,143348
2016-08-29,83466507.946964804,143504
2016-08-30,83498377.662469939,143934
2016-08-31,83530513.788520505,144308
2016-09-01,83562256.149074187,144157
2016-09-02,83594638.65045654,144519
2016-09-03,83626133.029659729,144832
2016-09-04,83657991.094244109,145156
2016-09-05,83690183.978709004,145475
2016-09-06,83721863.31020959,145891
2016-09-07,83754128.856544714,145743
2016-09-08,83786036.164570643,146284
2016-09-09,83818251.290992152,146404
2016-09-10,83850080.221877532,146603
2016-09-11,83882431.558132657,146818
2016-09-12,83914667.088633766,147212
2016-09-13,83946569.827667279,147512
2016-09-14,83979096.664473381,147787
2016-09-15,84011277.722765265,148115
2016-09-16,84043515.301555196,148161
2016-09-17,84075668.685309961,148357
2016-09-18,84105241.378997555,149026
2016-09-19,84139516.457342451,150960
2016-09-20,84172004.92507299,149518
2016-09-21,84204085.959297588,149171
2016-09-22,84235689.854980409,149923
2016-09-23,84269964.47199827,150521
2016-09-24,84303287.339141832,150398
2016-09-25,84337678.790815146,150588
2016-09-26,84369803.596682088,151376
2016-09-27,84405088.798892037,151655
2016-09-28,84437491.118703982,152358
2016-09-29,84469800.569383159,153764
2016-09-30,84501422.049258607,153693
2016-10-01,84535900.020673698,155360
2016-10-02,84571644.966881177,154615
2016-10-03,84604927.777435702,155274
2016-10-04,84636981.274633424,156218
2016-10-05,84670063.432241047,158084
2016-10-06,84702882.364357255,157100
2016-10-07,84739451.40274493,158503
2016-10-08,84775537.097983008,156760
2016-10-09,84808959.908940549,157145
2016-10-10,84842087.350271115,157971
2016-10-11,84874564.647686919,158192
2016-10-12,84907655.743474268,158432
2016-10-13,84942475.913760566,159063
2016-10-14,84975377.104307406,159907
2016-10-15,85007585.277542369,161820
2016-10-16,85040504.699593155,161789
2016-10-17,85072872.792394879,162386
2016-10-18,85106203.742103146,161460
2016-10-19,85139349.858034045,161866
2016-10-20,85173890.470082914,161476
2016-10-21,85206017.718799791,164020
2016-10-22,85237717.882452964,162337
2016-10-23,85269048.824350755,161106
2016-10-24,85301110.469779684,161736
2016-10-25,85332772.13882605,162238
2016-10-26,85364728.202246347,162610
2016-10-27,85396173.520426593,162965
2016-10-28,85427250.752967879,162980
2016-10-29,85456874.975532111,163007
2016-10-30,85488834.170904734,162605
2016-10-31,85520853.298140203,162686
2016-11-01,85551354.06578372,160688
2016-11-02,85582486.819516219,161887
2016-11-03,85613705.807829161,162091
2016-11-04,85644628.835570686,162203
2016-11-05,85676052.005987062,162536
2016-11-06,85707850.663389004,162564
2016-11-07,85741108.387932339,162183
2016-11-08,85773434.087866114,162732
2016-11-09,85804434.430855053,163405
2016-11-10,85835643.661927864,163675
2016-11-11,85866981.212488427,164068
2016-11-12,85898929.448780125,164368
2016-11-13,85931351.418058229,163584
2016-11-14,85963233.827855587,163915
2016-11-15,85994668.68867353,164206
2016-11-16,86026248.289892464,164450
2016-11-17,86057055.044682351,164514
2016-11-18,86090154.094180217,164827
2016-11-19,86122483.812186153,165045
2016-11-20,86154938.737482002,165320
2016-11-21,86186752.469380981,165623
2016-11-22,86217943.965970096,166403
2016-11-23,86250604.12694434,166532
2016-11-24,86283006.353129092,169108
2016-11-25,86316443.129183788,167944
2016-11-26,86348939.916275401,168507
2016-11-27,86382646.474806663,169324
2016-11-28,86416582.93617738,168799
2016-11-29,86449559.886750848,169023
2016-11-30,86481399.058360426,169759
2016-12-01,86513146.350438225,169893
2016-12-02,86544941.895626411,170186
2016-12-03,86577057.432450781,170377
2016-12-04,86608231.933082014,169878
2016-12-05,86639462.513527695,170094
2016-12-06,86671440.465692122,170394
2016-12-07,86703150.304668658,170830
2016-12-08,86735243.388186716,171141
2016-12-09,86766903.264383978,169474
2016-12-10,86798578.828402277,169784
2016-12-11,86830356.770005278,169997
2016-12-12,86861698.422240142,170073
2016-12-13,86893507.582290438,170315
2016-12-14,86925357.080820876,170626
2016-12-15,86956723.384113271,170606
2016-12-16,86988478.926273252,170915
2016-12-17,87020440.552019571,171122
2016-12-18,87052329.289596081,171325
2016-12-19,87083801.201613487,171503
2016-12-20,87115469.159601556,172396
2016-12-21,87147060.834656103,172730
2016-12-22,87178133.460971646,172799
2016-12-23,87209249.49512636,172939
2016-12-24,87240575.431860665,173137
2016-12-25,87272583.15997861,173450
2016-12-26,87304226.929449862,173786
2016-12-27,87335448.376279488,173775
2016-12-28,87367022.263785772,173767
2016-12-29,87398839.722299228,174204
2016-12-30,87430519.318520818,174192
2016-12-31,87461746.483551541,174371
2017-01-01,87493494.122843801,174631
2017-01-02,87525019.998505468,174819
2017-01-03,87556544.959826676,175043
2017-01-04,87588642.79833939,175697
2017-01-05,87620458.432543423,176157
2017-01-06,87651816.146500194,176433
2017-01-07,87683709.817212351,176624
2017-01-08,87715393.371081299,177365
2017-01-09,87747141.89273323,176733
2017-01-10,87778491.045114067,177389
2017-01-11,87810012.725627797,177934
2017-01-12,87841568.607403146,178030
2017-01-13,87873298.080476002,178519
2017-01-14,87904775.150306958,179083
2017-01-15,87936475.794936526,179720
2017-01-16,87968014.970174605,180817
2017-01-17,87999309.749517683,181460
2017-01-18,88030913.8945391,182012
2017-01-19,88063036.168421346,182628
2017-01-20,88094153.204947752,182621
2017-01-21,88125675.516744429,183232
2017-01-22,88157251.878583868,183834
2017-01-23,88188748.981831387,184445
2017-01-24,88220167.643922341,184892
2017-01-25,88251589.520554874,185365
2017-01-26,88283372.780940992,186025
2017-01-27,88314486.052942404,186495
2017-01-28,88346012.738110498,187012
2017-01-29,88377131.310791538,187500
2017-01-30,88409058.151691942,187819
2017-01-31,88440470.951956554,187934
2017-02-01,88471801.831973996,188106
2017-02-02,88503214.447128582,187993
2017-02-03,88534486.755606879,188180
2017-02-04,88566246.109359261,188221
2017-02-05,88597843.708174837,188474
2017-02-06,88629469.751237185,188788
2017-02-07,88660959.864976992,189010
2017-02-08,88692662.825880169,189075
2017-02-09,88724092.82583117,189237
2017-02-10,88755588.470156975,189506
2017-02-11,88787177.258917916,189652
2017-02-12,88818745.3732354,189949
2017-02-13,88850477.602990718,190175
2017-02-14,88881940.264742553,190187
2017-02-15,88913667.275488663,190398
2017-02-16,88945205.750946593,190562
2017-02-17,88976532.823843035,190442
2017-02-18,89007743.216638541,190760
2017-02-19,89039009.510621675,190949
2017-02-20,89070396.017944333,191566
2017-02-21,89101805.66187534,191809
2017-02-22,89132798.398793575,191723
2017-02-23,89164026.809555619,192227
2017-02-24,89195289.341188121,191938
2017-02-25,89226842.334949274,192477
2017-02-26,89258661.475913331,193047
2017-02-27,89289905.691728988,193972
2017-02-28,89321759.557967597,194706
2017-03-01,89352902.654027373,195749
2017-03-02,89384539.215113194,196774
2017-03-03,89415837.644792423,197721
2017-03-04,89447008.284865467,197302
2017-03-05,89478571.864943132,198069
2017-03-06,89509724.273725469,198954
2017-03-07,89540792.561602975,199661
2017-03-08,89572117.273958385,200168
2017-03-09,89602925.088003849,200614
2017-03-10,89633949.356803443,200529
2017-03-11,89665184.200374553,201500
2017-03-12,89696032.030698477,201842
2017-03-13,89727641.817881966,203823
2017-03-14,89758855.77318723,205263
2017-03-15,89790227.525206855,206947
2017-03-16,89821652.257549476,209322
2017-03-17,89853488.21147346,212411
2017-03-18,89884967.517266744,214170
2017-03-19,89915959.752319443,215350
2017-03-20,89947627.214771152,217051
2017-03-21,89978637.77502448,218547
2017-03-22,90010011.217369064,219760
2017-03-23,90040989.755084674,220980
2017-03-24,90071827.597264132,222029
2017-03-25,90102887.938710505,223473
2017-03-26,90134057.228398547,224764
2017-03-27,90165054.604495648,226036
2017-03-28,90195604.45445961,228030
2017-03-29,90226870.047176963,230027
2017-03-30,90257682.748901402,231968
2017-03-31,90288892.035299727,233511
2017-04-01,90319740.291274858,233714
2017-04-02,90350177.220127054,235509
2017-04-03,90381358.60547902,235448
2017-04-04,90412410.065253181,237097
2017-04-05,90443640.856501054,238355
2017-04-06,90474359.631843479,239831
2017-04-07,90505429.750364186,240206
2017-04-08,90536340.951883141,241355
2017-04-09,90566581.122323161,242014
2017-04-10,90596615.11778317,243038
2017-04-11,90627063.065062828,243460
2017-04-12,90657271.969257503,244146
2017-04-13,90687610.666012071,245452
2017-04-14,90718596.206241872,245525
2017-04-15,90748592.174325913,247215
2017-04-16,90779094.14051348,248446
2017-04-17,90809739.754962455,249632
2017-04-18,90840255.303655496,250740
2017-04-19,90869862.374713835,252551
2017-04-20,90900279.350435773,253516
2017-04-21,90930753.027516647,254168
2017-04-22,90960739.562885271,255413
2017-04-23,90991227.450556945,255528
2017-04-24,91021006.048769676,257620
2017-04-25,91051756.750229237,257571
2017-04-26,91081077.788157607,259909
2017-04-27,91110402.119216533,260659
2017-04-28,91140080.907248287,263177
2017-04-29,91169295.958091079,265211
2017-04-30,91198659.889780349,267367
2017-05-01,91228012.685609389,269384
2017-05-02,91257444.644113462,271990
2017-05-03,91286992.92343168,273697
2017-05-04,91316410.257320954,278099
2017-05-05,91346108.049195521,280777
2017-05-06,91375805.089405482,284191
2017-05-07,91405677.717126033,286269
2017-05-08,91435085.883298875,287434
2017-05-09,91464829.439683383,290330
2017-05-10,91494437.014138487,295671
2017-05-11,91524159.329386134,298429
2017-05-12,91554036.729482531,301946
2017-05-13,91583277.769547302,306191
2017-05-14,91611478.273646478,310585
2017-05-15,91639918.172390973,314062
2017-05-16,91668617.597306646,318004
2017-05-17,91696493.53959549,323213
2017-05-18,91724953.837320179,326688
2017-05-19,91753296.708521106,331050
2017-05-20,91781921.094065833,336250
2017-05-21,91810544.444978107,340827
2017-05-22,91839284.05259743,351233
2017-05-23,91867826.007203951,356904
2017-05-24,91896424.03735984,364178
2017-05-25,91925230.592670872,372186
2017-05-26,91954166.284909613,377553
2017-05-27,91982917.724194678,382779
2017-05-28,92011711.855583493,386908
2017-05-29,92041202.522350533,391218
2017-05-30,92070984.233846035,398211
2017-05-31,92099689.179678894,409387
2017-06-01,92127721.245642277,408960
2017-06-02,92154515.648733658,415090
2017-06-03,92182010.555760033,420449
2017-06-04,92209228.35260385,425418
2017-06-05,92236983.881416231,431877
2017-06-06,92264436.917398919,440752
2017-06-07,92292166.029459419,448890
2017-06-08,92319765.252646364,456259
2017-06-09,92347362.098198303,460522
2017-06-10,92375484.855290981,471304
2017-06-11,92403375.577729619,485510
2017-06-12,92431431.370947021,496784
2017-06-13,92459663.259546813,504083
2017-06-14,92487886.042155867,514354
2017-06-15,92516038.077191154,523128
2017-06-16,92544361.403293541,534361
2017-06-17,92572627.503483965,543695
2017-06-18,92601175.714571195,554621
2017-06-19,92629759.895926897,570561
2017-06-20,92656423.766091903,596798
2017-06-21,92682505.737377804,595672
2017-06-22,92708958.603135375,606401
2017-06-23,92734954.243618373,614528
2017-06-24,92761385.581764689,625836
2017-06-25,92787715.392339219,629248
2017-06-26,92814341.695868762,627613
2017-06-27,92840861.722231754,631145
2017-06-28,92867441.595537419,639846
2017-06-29,92894394.799817455,648174
2017-06-30,92921196.034928005,650487
2017-07-01,92947838.645673402,656081
2017-07-02,92974514.080144321,661258
2017-07-03,93001574.706120266,667720
2017-07-04,93028892.167882859,672836
2017-07-05,93055609.197919381,679033
2017-07-06,93082504.607627945,686649
2017-07-07,93109761.126006054,695232
2017-07-08,93136785.388999908,700317
2017-07-09,93163693.133212277,706766
2017-07-10,93188093.277342678,711353
2017-07-11,93211998.474857485,717758
2017-07-12,93235880.674544668,725051
2017-07-13,93259610.187597461,734955
2017-07-14,93283339.496959171,738150
2017-07-15,93307438.519158167,740108
2017-07-16,93331400.978128619,741906
2017-07-17,93354872.379431935,746178
2017-07-18,93378781.904545054,750031
2017-07-19,93403212.497555276,754337
2017-07-20,93427671.687312672,758254
2017-07-21,93451482.910265184,762723
2017-07-22,93475769.275883285,767748
2017-07-23,93500222.3500005,758389
2017-07-24,93524251.540701425,761758
2017-07-25,93548921.002318008,768720
2017-07-26,93573394.95519515,773783
2017-07-27,93597719.135857779,776506
2017-07-28,93622381.379883899,781950
2017-07-29,93646833.474656407,785226
2017-07-30,93671393.385532634,787862
2017-07-31,93695328.843033436,786083
2017-08-01,93716682.219679833,789218
2017-08-02,93737767.917493069,789725
2017-08-03,93758655.444399684,792645
2017-08-04,93779904.135627557,797330
2017-08-05,93801063.41916196,801221
2017-08-06,93822284.589319432,803179
2017-08-07,93843877.177965083,808665
2017-08-08,93865448.420323442,812021
2017-08-09,93887119.482834079,815336
2017-08-10,93908534.834826609,821339
2017-08-11,93930350.072548785,827070
2017-08-12,93952244.930836478,835200
2017-08-13,93974256.937621969,841242
2017-08-14,93996265.091117476,861602
2017-08-15,94018446.668539853,871572
2017-08-16,94040984.196783158,880239
2017-08-17,94063480.216636435,893166
2017-08-18,94085735.218741905,902237
2017-08-19,94108270.857296238,914763
2017-08-20,94130302.635702127,914001
2017-08-21,94153004.682469581,920310
2017-08-22,94175441.866324095,923557
2017-08-23,94197988.462864364,934215
2017-08-24,94220481.151399435,944634
2017-08-25,94239260.714808046,952820
2017-08-26,94257795.723983074,959689
2017-08-27,94276419.252940901,973218
2017-08-28,94294814.463422308,983555
2017-08-29,94313840.46220178,993733
2017-08-30,94332731.810687818,1008394
2017-08-31,94351436.933424757,1019679
2017-09-01,94370238.908444581,1031009
2017-09-02,94389053.330771598,1037771
2017-09-03,94407643.492391207,1044593
2017-09-04,94426537.0704383,1040578
2017-09-05,94445597.544636071,1048611
2017-09-06,94464430.163845889,1064536
2017-09-07,94483492.358360596,1074111
2017-09-08,94502714.272284994,1086675
2017-09-09,94521674.19045854,1093397
2017-09-10,94540634.590482236,1104539
2017-09-11,94559445.651717936,1110511
2017-09-12,94578733.916296507,1121490
2017-09-13,94597661.758863066,1128829
2017-09-14,94617002.554373031,1130241
2017-09-15,94636459.603246096,1136955
2017-09-16,94655757.153301188,1144045
2017-09-17,94674937.170713412,1147972
2017-09-18,94693952.345624477,1134059
2017-09-19,94713302.42037647,1154258
2017-09-20,94732434.299820618,1161144
2017-09-21,94751747.520771193,1167426
2017-09-22,94767462.976447474,1172340
2017-09-23,94782429.271555356,1176831
2017-09-24,94797854.691998948,1182174
2017-09-25,94812705.760470389,1185741
2017-09-26,94827862.929083685,1189759
2017-09-27,94843250.109469199,1198773
2017-09-28,94858217.150124933,1206449
2017-09-29,94873065.437866272,1198752
2017-09-30,94887904.92428798,1197772
2017-10-01,94903023.003328031,1202755
2017-10-02,94918086.329864281,1210737
2017-10-03,94933237.18926882,1217921
2017-10-04,94948534.737290966,1226691
2017-10-05,94963982.804711009,1232531
2017-10-06,94978986.222818671,1240415
2017-10-07,94993966.094878265,1243228
2017-10-08,95009123.348002401,1248096
2017-10-09,95024304.778191312,1254751
2017-10-10,95039746.049723617,1263825
2017-10-11,95055263.875559405,1266048
2017-10-12,95070631.573628796,1269991
2017-10-13,95086028.683515046,1275769
2017-10-14,95101322.098715875,1284127
2017-10-15,95116891.820187998,1293545
2017-10-16,95133061.813388844,1302956
2017-10-17,95153328.215989475,1310036
2017-10-18,95173705.619010004,1318789
2017-10-19,95194092.862345818,1329533
2017-10-20,95214558.074961453,1337746
2017-10-21,95234669.445465183,1344282
2017-10-22,95255087.709489313,1342964
2017-10-23,95275529.791735637,1345650
2017-10-24,95296037.173455267,1352760
2017-10-25,95316219.597541796,1360082
2017-10-26,95336380.542645411,1369284
2017-10-27,95356820.986440804,1375982
2017-10-28,95377235.813642752,1383732
2017-10-29,95397497.620952752,1389657
2017-10-30,95417559.892496729,1397619
2017-10-31,95438135.551505133,1405499
2017-11-01,95458389.167424451,1411433
2017-11-02,95478710.116583167,1424227
2017-11-03,95498953.746431791,1434656
2017-11-04,95519129.04796122,1441709
2017-11-05,95539706.629402222,1450235
2017-11-06,95559883.907451319,1457734
2017-11-07,95580262.419744666,1462301
2017-11-08,95600474.380576034,1469474
2017-11-09,95620733.743291603,1478778
2017-11-10,95641227.057196278,1493057
2017-11-11,95661628.456541812,1497914
2017-11-12,95681807.18690394,1505301
2017-11-13,95702185.030285284,1513493
2017-11-14,95722197.535883481,1523530
2017-11-15,95742650.429646552,1538825
2017-11-16,95762831.558113386,1547722
2017-11-17,95783199.614450904,1551494
2017-11-18,95803498.364802339,1559081
2017-11-19,95823886.772211966,1563820
2017-11-20,95844273.350606607,1569167
2017-11-21,95864621.703923634,1581816
2017-11-22,95885076.68707541,1593468
2017-11-23,95905383.016371768,1604190
2017-11-24,95925761.061761061,1616572
2017-11-25,95946034.502415109,1629338
2017-11-26,95966341.97618546,1641932
2017-11-27,95986534.549461788,1653699
2017-11-28,96006786.172380196,1674714
2017-11-29,96027153.726104956,1697765
2017-11-30,96047530.677165777,1724522
2017-12-01,96067983.623598974,1762091
2017-12-02,96088161.807383741,1788108
2017-12-03,96108438.847855012,1808827
2017-12-04,96128799.148124488,1837879
2017-12-05,96149363.079079858,1869499
2017-12-06,96169905.862081143,1926041
2017-12-07,96190764.884789243,1974936
2017-12-08,96211046.041011292,2022540
2017-12-09,96231490.548005176,2056151
2017-12-10,96251809.950182917,2081466
2017-12-11,96272000.824618618,2093625
2017-12-12,96292385.999593538,2104809
2017-12-13,96312886.60574272,2145747
2017-12-14,96333568.843551278,2185456
2017-12-15,96354285.613796403,2218284
2017-12-16,96374579.656037133,2246271
2017-12-17,96394841.62937643,2282985
2017-12-18,96415318.714784808,2329385
2017-12-19,96435796.324136058,2372837
2017-12-20,96456273.561941232,2413531
2017-12-21,96476583.752425041,2475915
2017-12-22,96496796.062368121,2471060
2017-12-23,96517496.609680149,2499206
2017-12-24,96537927.917449809,2530598
2017-12-25,96558341.841539912,2563890
2017-12-26,96578750.510273324,2587620
2017-12-27,96599192.806892951,2635161
2017-12-28,96619508.092794864,2677651
2017-12-29,96639709.614614223,2706672
2017-12-30,96660031.325687906,2733718
2017-12-31,96680461.407772622,2782507
2018-01-01,96701008.915530192,2817066
2018-01-02,96721553.219396002,2878971
2018-01-03,96742055.454599725,2973608
2018-01-04,96762776.891073679,3060657
2018-01-05,96783611.585593551,3182417
2018-01-06,96804467.428598433,3277950
2018-01-07,96825527.273792387,3333774
2018-01-08,96846001.865817125,3413648
2018-01-09,96866513.671229216,3429643
2018-01-10,96887513.554162587,3517331
2018-01-11,96908389.526190889,3583469
2018-01-12,96929211.93153897,3653987
2018-01-13,96949911.206236338,3716285
2018-01-14,96970974.823737315,3764577
2018-01-15,96990802.455533157,3745331
2018-01-16,97011352.87330351,3753020
2018-01-17,97031822.65487995,3744626
2018-01-18,97051974.512092301,3738481
2018-01-19,97072401.91655216,3759375
2018-01-20,97093141.291490477,3817000
2018-01-21,97112521.155365611,3706063
2018-01-22,97133054.023762299,3750885
2018-01-23,97153478.851989487,3787899
2018-01-24,97173977.070570716,3830370
2018-01-25,97194242.942388755,3844891
2018-01-26,97214415.400886266,3853067
2018-01-27,97234651.823113229,3854374
2018-01-28,97255135.411465477,3889056
2018-01-29,97275641.283813226,3928420
2018-01-30,97295862.504441058,3957496
2018-01-31,97316328.852005546,3996731
2018-02-01,97336818.249562717,4036964
2018-02-02,97357398.728296627,4066304
2018-02-03,97377670.334603233,4084111
2018-02-04,97397936.939155479,4098393
2018-02-05,97418513.973754772,4104888
2018-02-06,97438833.042308916,4115993
2018-02-07,97459226.595393221,4123057
2018-02-08,97479550.471666842,4134436
2018-02-09,97499759.697620825,4154485
2018-02-10,97520382.658952777,4179244
2018-02-11,97540289.73447343,4169510
2018-02-12,97560669.914558586,4183385
2018-02-13,97581067.176457107,4199316
2018-02-14,97601093.780127165,4213431
2018-02-15,97621668.491042815,4225432
2018-02-16,97642011.194070361,4240258
2018-02-17,97662517.346347515,4259376
2018-02-18,97682808.098014205,4273749
2018-02-19,97703168.98869984,4292365
2018-02-20,97723504.477505095,4310731
2018-02-21,97744120.347491583,4327288
2018-02-22,97764470.911042341,4343111
2018-02-23,97785083.361960807,4361550
2018-02-24,97805537.931112383,4375500
2018-02-25,97825716.690141241,4385929
2018-02-26,97846023.439521919,4394237
2018-02-27,97866360.350982633,4415073
2018-02-28,97886878.500105853,4434852
2018-03-01,97907205.620705418,4447442
2018-03-02,97927813.258949439,4457618
2018-03-03,97948208.663721742,4474439
2018-03-04,97968393.923435762,4487022
2018-03-05,97988660.635815442,4499227
2018-03-06,98008912.467443841,4489012
2018-03-07,98028881.331130718,4397583
2018-03-08,98049100.327826226,4401494
2018-03-09,98069447.762740852,4417838
2018-03-10,98089763.523983214,4412405
2018-03-11,98110291.443062923,4426647
2018-03-12,98130650.680454762,4448361
2018-03-13,98150892.397729123,4444624
2018-03-14,98171233.140087664,4433357
2018-03-15,98191683.988321174,4449147
2018-03-16,98212178.162941597,4462996
2018-03-17,98232551.60917009,4465929
2018-03-18,98252896.764979686,4490079
2018-03-19,98273053.206878568,4482243
2018-03-20,98293469.756123791,4503061
2018-03-21,98313612.654869675,4498592
2018-03-22,98334072.341994035,4497438
2018-03-23,98354296.744386982,4451811
2018-03-24,98374786.794287133,4408387
2018-03-25,98395088.148066312,4414959
2018-03-26,98415474.533279193,4423429
2018-03-27,98435697.770394585,4425606
2018-03-28,98456015.390343233,4429623
2018-03-29,98476380.660371991,4436911
2018-03-30,98496846.929277659,4426391
2018-03-31,98517301.942952442,4436087
2018-04-01,98537466.077118708,4437655
2018-04-02,98557893.794926805,4446257
2018-04-03,98578244.223539136,4455265
2018-04-04,98598507.978541957,4461493
2018-04-05,98619058.151530169,4473595
2018-04-06,98639460.815002243,4475767
2018-04-07,98659686.399066494,4484759
2018-04-08,98679965.127681986,4494768
2018-04-09,98700213.042320248,4498275
2018-04-10,98720693.3072052,4502173
2018-04-11,98740890.324653479,4503251
2018-04-12,98761047.149306973,4501326
2018-04-13,98781616.212827901,4511055
2018-04-14,98801960.585376035,4513635
2018-04-15,98822317.74635519,4524355
2018-04-16,98842869.319271145,4531789
2018-04-17,98863206.283572258,4551466
2018-04-18,98883399.309842407,4557940
2018-04-19,98903993.800902062,4568082
2018-04-20,98924285.096738975,4574027
2018-04-21,98944744.066054895,4572223
2018-04-22,98965132.128260339,4559567
2018-04-23,98985594.085864224,4547180
2018-04-24,99005905.550009622,4565771
2018-04-25,99026445.761040628,4575398
2018-04-26,99047178.217678126,4584761
2018-04-27,99067471.762972747,4594860
2018-04-28,99087692.132232263,4618292
2018-04-29,99108371.766833718,4631109
2018-04-30,99128851.043793836,4638340
2018-05-01,99149233.067102711,4650636
2018-05-02,99170036.131256449,4653849
2018-05-03,99190535.356735367,4663609
2018-05-04,99209446.599982243,4402919
2018-05-05,99229765.609270748,4358569
2018-05-06,99250265.101632212,4363170
2018-05-07,99270933.290277326,4373094
2018-05-08,99291215.388829389,4380144
2018-05-09,99311632.96830342,4399370
2018-05-10,99332011.529259513,4419040
2018-05-11,99352608.052594865,4430640
2018-05-12,99373121.407348745,4438448
2018-05-13,99393475.966645196,4457198
2018-05-14,99413758.57139636,4471056
2018-05-15,99434255.345979325,4486182
2018-05-16,99454602.011174744,4505583
2018-05-17,99475122.154030396,4519593
2018-05-18,99495658.87177792,4528455
2018-05-19,99516257.13288563,4541771
2018-05-20,99536845.738668128,4555932
2018-05-21,99557473.637422278,4564798
2018-05-22,99577955.665523694,4574673
2018-05-23,99598768.987705724,4584618
2018-05-24,99619043.512404256,4597579
2018-05-25,99639619.841221014,4609107
2018-05-26,99660284.424361128,4623486
2018-05-27,99680626.824612936,4632099
2018-05-28,99701190.781162792,4646226
2018-05-29,99721684.966580955,4654710
2018-05-30,99742231.242772549,4669225
2018-05-31,99762845.859810623,4683044
2018-06-01,99783324.323954467,4699195
2018-06-02,99803977.899746222,4710276
2018-06-03,99824409.928423808,4738777
2018-06-04,99845110.227819407,4751638
2018-06-05,99865372.903562856,4772572
2018-06-06,99885937.789869508,4806455
2018-06-07,99906670.958392668,4821498
2018-06-08,99927302.934458561,4842819
2018-06-09,99948058.783560673,4857946
2018-06-10,99968459.384552711,4861592
2018-06-11,99989225.702309717,4872093
2018-06-12,100009742.019903164,4876692
2018-06-13,100030180.746736316,4894244
2018-06-14,100050570.857347409,4902025
2018-06-15,100071036.547421839,4905587
2018-06-16,100091556.344921017,4910878
2018-06-17,100111881.511960231,4913087
2018-06-18,100132450.043177571,4928084
2018-06-19,100152847.933354784,4924430
2018-06-20,100173341.696371107,4916905
2018-06-21,100193722.183447082,4911697
2018-06-22,100214376.216020365,4899086
2018-06-23,100234987.39613307,4904999
2018-06-24,100255373.890734619,4901536
2018-06-25,100275912.664549889,4916459
2018-06-26,100296556.975575749,4922708
2018-06-27,100317015.442424947,4916013
2018-06-28,100337362.480645203,4931617
2018-06-29,100357674.798230144,4924709
2018-06-30,100378255.971660868,4937219
2018-07-01,100398639.610727805,4946954
2018-07-02,100419256.426829436,4959594
2018-07-03,100439671.674804578,4962818
2018-07-04,100460114.790196263,4975539
2018-07-05,100480457.133554506,4977318
2018-07-06,100500828.819118943,4990632
2018-07-07,100521292.493142584,4993834
2018-07-08,100541659.269419834,4996828
2018-07-09,100562233.567409443,4998439
2018-07-10,100582543.142647694,4998794
2018-07-11,100603174.12088509,4999937
2018-07-12,100623637.274874306,5013017
2018-07-13,100643883.095103621,5024198
2018-07-14,100664346.184865775,5022165
2018-07-15,100684959.733984209,5024288
2018-07-16,100705244.487757992,5017184
2018-07-17,100725873.746207259,5023827
2018-07-18,100746125.31652866,5023234
2018-07-19,100766496.072005068,5026539
2018-07-20,100786598.982481437,5028700
2018-07-21,100807118.714775034,5036566
2018-07-22,100827841.877513846,5042875
2018-07-23,100848214.047957179,5054538
2018-07-24,100868745.508623572,5060055
2018-07-25,100889462.841908725,5058494
2018-07-26,100909838.976726547,5049648
2018-07-27,100930309.175659447,5060282
2018-07-28,100950712.400389598,5075195
2018-07-29,100971159.564740685,5081030
2018-07-30,100991495.548583206,5083425
2018-07-31,101012037.583041116,5079709
2018-08-01,101032434.213621848,5094830
2018-08-02,101052928.18685752,5096912
2018-08-03,101073422.409993473,5093465
2018-08-04,101093983.631103387,5094713
2018-08-05,101114439.992025012,5096800
2018-08-06,101134807.832248574,5113927
2018-08-07,101155149.094418619,5133780
2018-08-08,101175592.475279614,5142892
2018-08-09,101196054.744469252,5162658
2018-08-10,101216428.366949173,5172150
2018-08-11,101237027.801374641,5175413
2018-08-12,101257354.297638921,5175671
2018-08-13,101277711.256378792,5182644
2018-08-14,101297986.140262756,5183952
2018-08-15,101318301.776096423,5194532
2018-08-16,101338683.757408924,5193346
2018-08-17,101359132.005938654,5180121
2018-08-18,101379579.77794304,5183192
2018-08-19,101400001.847613731,5177321
2018-08-20,101420402.514711892,5177586
2018-08-21,101440858.938849248,5189825
2018-08-22,101461129.422624764,5200412
2018-08-23,101481457.543288888,5207373
2018-08-24,101502210.44267145,5212678
2018-08-25,101522672.036761916,5211043
2018-08-26,101543125.011943351,5212212
2018-08-27,101563681.855160699,5205819
2018-08-28,101584022.069457366,5206098
2018-08-29,101604245.931595041,5198894
2018-08-30,101624703.519857969,5201174
2018-08-31,101645104.156532218,5190425
2018-09-01,101665452.389526153,5177925
2018-09-02,101685911.151538299,5176525
2018-09-03,101706180.725822539,5161846
2018-09-04,101726676.911563549,5144084
2018-09-05,101746971.822259628,5120305
2018-09-06,101767554.874880323,5115936
2018-09-07,101787746.547872617,5117664
2018-09-08,101808015.24407159,5121185
2018-09-09,101828264.409438791,5121095
2018-09-10,101848666.264764179,5114455
2018-09-11,101868867.001607669,5119268
2018-09-12,101889224.361014126,5121630
2018-09-13,101909603.519392332,5119565
2018-09-14,101929990.978534587,5124428
2018-09-15,101950405.361349412,5130603
2018-09-16,101970888.908189406,5134327
2018-09-17,101991331.666176543,5139821
2018-09-18,102011486.727387711,5147699
2018-09-19,102032007.661459514,5154900
2018-09-20,102052395.431555187,5158138
2018-09-21,102073067.036073187,5159332
2018-09-22,102093351.790628764,5164158
2018-09-23,102113653.709983629,5168886
2018-09-24,102133969.989089905,5167050
2018-09-25,102154360.707445397,5169863
2018-09-26,102174916.708214349,5177200
2018-09-27,102195401.399697706,5190265
2018-09-28,102215782.815460801,5204290
2018-09-29,102235994.316678296,5210104
2018-09-30,102256472.29246079,5217797
2018-10-01,102276745.567586228,5227263
2018-10-02,102297229.105554034,5235455
2018-10-03,102317497.247489552,5241503
2018-10-04,102337831.186932865,5240667
2018-10-05,102357981.729037292,5233852
2018-10-06,102378464.588598249,5213449
2018-10-07,102398965.825273229,5211444
2018-10-08,102419356.498550292,5217228
2018-10-09,102439678.071127256,5223054
2018-10-10,102460015.788047736,5222026
2018-10-11,102480466.694184137,5226048
2018-10-12,102500782.592096778,5230911
2018-10-13,102521199.647266155,5226133
2018-10-14,102541656.286233629,5233712
2018-10-15,102561934.633690128,5244631
2018-10-16,102582293.454587322,5241228
2018-10-17,102602671.045529647,5237460
2018-10-18,102623089.837659251,5235554
2018-10-19,102643353.883679493,5238481
2018-10-20,102663702.151014254,5242878
2018-10-21,102684005.511708194,5247244
2018-10-22,102704225.146709854,5252950
2018-10-23,102724767.923974509,5249739
2018-10-24,102745048.172240005,5238637
2018-10-25,102765224.500418449,5228975
2018-10-26,102785664.292869188,5217498
2018-10-27,102805867.000461683,5212709
2018-10-28,102826153.035034505,5225403
2018-10-29,102846507.148259085,5221998
2018-10-30,102866639.904104112,5221865
2018-10-31,102887102.623548572,5228262
2018-11-01,102907295.110470097,5235196
2018-11-02,102927389.151582263,5242445
2018-11-03,102947527.220347839,5242938
2018-11-04,102967775.712309784,5253776
2018-11-05,102988122.354482185,5264352
2018-11-06,103008298.819287427,5268958
2018-11-07,103028737.642978473,5279960
2018-11-08,103048915.084433049,5289986
2018-11-09,103069220.84659625,5293132
2018-11-10,103089611.212899981,5301844
2018-11-11,103109900.477145521,5308158
2018-11-12,103130157.97916375,5307081
2018-11-13,103150390.821974696,5311005
2018-11-14,103170510.711342331,5316710
2018-11-15,103190475.443559889,5326952
2018-11-16,103210701.919375773,5336758
2018-11-17,103230668.494492044,5346829
2018-11-18,103250847.088186722,5355665
2018-11-19,103270706.852456441,5315829
2018-11-20,103290661.216713824,5318639
2018-11-21,103310840.613631065,5321758
2018-11-22,103330735.866244732,5322966
2018-11-23,103350816.254920865,5328430
2018-11-24,103370798.198232375,5331757
2018-11-25,103390784.44403338,5335932
2018-11-26,103410786.052987039,5339875
2018-11-27,103430498.986486858,5333399
2018-11-28,103450340.769829114,5340210
2018-11-29,103470392.115727516,5343776
2018-11-30,103490273.657936976,5352056
2018-12-01,103510001.781721601,5357429
2018-12-02,103529603.425830351,5359374
2018-12-03,103549158.962035502,5358076
2018-12-04,103568797.304923172,5363633
2018-12-05,103588463.260256429,5366716
2018-12-06,103608171.212742774,5370213
2018-12-07,103627626.894071965,5360810
2018-12-08,103647186.443729229,5340027
2018-12-09,103666759.13835345,5333952
2018-12-10,103686752.216369806,5336453
2018-12-11,103706077.549879063,5338186
2018-12-12,103725656.854514977,5339897
2018-12-13,103745359.736261786,5347346
2018-12-14,103764748.81090918,5354010
2018-12-15,103784549.012641543,5356625
2018-12-16,103804064.835941324,5363234
2018-12-17,103823091.882899174,5362916
2018-12-18,103841956.286320088,5368363
2018-12-19,103860780.100669803,5371680
2018-12-20,103879518.420242951,5365006
2018-12-21,103898295.058752438,5365009
2018-12-22,103917290.772848741,5368412
2018-12-23,103936126.43526253,5363890
2018-12-24,103955113.353940952,5371572
2018-12-25,103974153.852924807,5358195
2018-12-26,103993349.462491899,5342245
2018-12-27,104012250.948212938,5326691
2018-12-28,104031195.624165659,5332669
2018-12-29,104050480.229375816,5331579
2018-12-30,104069331.226492839,5332004
2018-12-31,104088300.344564129,5329772
2019-01-01,104107006.553082766,5330536
2019-01-02,104126093.322041642,5333965
2019-01-03,104143997.050499,5337798
2019-01-04,104161795.124087286,5336696
2019-01-05,104179788.207626218,5335535
2019-01-06,104197565.624546944,5338909
2019-01-07,104215570.398596355,5340512
2019-01-08,104233308.311695541,5343832
2019-01-09,104251283.528620492,5345289
2019-01-10,104269088.105163315,5351311
2019-01-11,104286861.170887686,5341777
2019-01-12,104304542.927526833,5345062
2019-01-13,104322473.631504505,5349626
2019-01-14,104340451.263595767,5303206
2019-01-15,104358331.126760162,5278766
2019-01-16,104375901.832716335,5283296
2019-01-17,104393567.645752517,5287888
2019-01-18,104411314.258311064,5289540
2019-01-19,104429277.042627515,5291208
2019-01-20,104447010.578167854,5296993
2019-01-21,104463119.699592397,5302438
2019-01-22,104479168.501427717,5309299
2019-01-23,104494882.543637992,5312681
2019-01-24,104510931.276991682,5317924
2019-01-25,104526978.276915617,5321611
2019-01-26,104542959.718567019,5325172
2019-01-27,104558771.521261198,5326626
2019-01-28,104574179.542455396,5320495
2019-01-29,104589596.289031152,5320235
2019-01-30,104605113.721851723,5323516
2019-01-31,104620720.631559758,5325788
2019-02-01,104636003.464108422,5325517
2019-02-02,104651592.356445144,5328179
2019-02-03,104666793.8619284,5329250
2019-02-04,104682171.31905232,5333311
2019-02-05,104697565.787280381,5337554
2019-02-06,104712845.120622985,5343090
2019-02-07,104728212.882891416,5338280
2019-02-08,104743666.43884208,5338304
2019-02-09,104758995.091602098,5339450
2019-02-10,104772367.337097654,5341887
2019-02-11,104785479.690744812,5340428
2019-02-12,104798816.510289386,5341116
2019-02-13,104811847.765432768,5346620
2019-02-14,104824908.350669231,5349404
2019-02-15,104837948.78108747,5353270
2019-02-16,104851214.462300555,5356306
2019-02-17,104864188.908617285,5359459
2019-02-18,104877456.243491339,5360989
2019-02-19,104890972.190596164,5365306
2019-02-20,104904385.657354212,5371280
2019-02-21,104917708.130150705,5375137
2019-02-22,104930975.767333184,5380494
2019-02-23,104944672.839462301,5384224
2019-02-24,104958045.403759671,5392862
2019-02-25,104971390.774033389,5404004
2019-02-26,104984866.00313266,5410788
2019-02-27,104998330.130989263,5412054
2019-02-28,105011229.626333679,5422045
2019-03-01,105024100.642288858,5424393
2019-03-02,105037784.379562238,5431708
2019-03-03,105051421.134789274,5438109
2019-03-04,105065055.159161982,5444987
2019-03-05,105078795.559189789,5450091
2019-03-06,105092343.034797463,5450072
2019-03-07,105106004.041835692,5451348
2019-03-08,105119612.783872644,5457716
2019-03-09,105133120.749960356,5447319
2019-03-10,105146964.922054324,5454678
2019-03-11,105160465.755702769,5460389
2019-03-12,105174109.078835128,5463322
2019-03-13,105187680.194068001,5467680
2019-03-14,105201281.650328459,5472025
2019-03-15,105214818.711717657,5473500
2019-03-16,105228612.279314288,5478629
2019-03-17,105242082.631693045,5483098
2019-03-18,105255509.60817846,5473184
2019-03-19,105269050.579062229,5474743
2019-03-20,105282736.788101521,5479235
2019-03-21,105296265.625633609,5483648
2019-03-22,105309823.997476042,5487745
2019-03-23,105323527.984117214,5490369
2019-03-24,105337113.754177666,5494849
2019-03-25,105350670.678061841,5472949
2019-03-26,105364170.189631557,5457867
2019-03-27,105377864.790567308,5460372
2019-03-28,105391415.103206775,5466213
2019-03-29,105404898.831369276,5468416
2019-03-30,105418448.974037301,5472907
2019-03-31,105432069.881998968,5476185
2019-04-01,105445717.567775872,5474731
2019-04-02,105459281.692452069,5468247
2019-04-03,105472668.699365902,5463244
2019-04-04,105486318.9667557,5464300
2019-04-05,105499800.054046575,5447647
2019-04-06,105513409.389077484,5448500
2019-04-07,105527062.358299292,5448692
2019-04-08,105540741.29306318,5447462
2019-04-09,105554380.048700468,5440780
2019-04-10,105568058.224937149,5449080
2019-04-11,105581657.580161876,5452199
2019-04-12,105595340.25125438,5419036
2019-04-13,105609162.084568021,5409526
2019-04-14,105622781.900973385,5414664
2019-04-15,105636453.538032098,5412951
2019-04-16,105650049.612885753,5422310
2019-04-17,105663586.09145306,5432342
2019-04-18,105677147.198150452,5431932
2019-04-19,105690786.900193635,5430244
2019-04-20,105704366.55132982,5373830
2019-04-21,105718061.578934722,5366285
2019-04-22,105731670.244028083,5373733
2019-04-23,105745171.948664802,5376860
2019-04-24,105758711.405142194,5373548
2019-04-25,105772362.802073721,5378386
2019-04-26,105786072.738806716,5386646
2019-04-27,105799751.832890409,5395700
2019-04-28,105813324.898515274,5402567
2019-04-29,105826983.058455406,5410998
2019-04-30,105840598.901570043,5412875
2019-05-01,105854265.46819543,5414384
2019-05-02,105867849.435159019,5424984
2019-05-03,105881292.673434463,5431901
2019-05-04,105895120.514542189,5436395
2019-05-05,105908734.834875977,5442184
2019-05-06,105922260.689995655,5451663
2019-05-07,105935834.259319737,5460821
2019-05-08,105949339.585314164,5467615
2019-05-09,105962926.187580353,5473935
2019-05-10,105976581.555878856,5479420
2019-05-11,105990127.133899951,5484971
2019-05-12,106003767.095449635,5492396
2019-05-13,106017208.341522056,5498285
2019-05-14,106030789.120115352,5499785
2019-05-15,106044371.324180139,5510667
2019-05-16,106057795.703634429,5529961
2019-05-17,106071414.015116085,5538463
2019-05-18,106084874.528804264,5550739
2019-05-19,106098429.550439773,5559725
2019-05-20,106111876.278810921,5571334
2019-05-21,106125309.262728348,5585317
2019-05-22,106138903.011076236,5599363
2019-05-23,106152379.226658108,5615532
2019-05-24,106165946.373988172,5625076
2019-05-25,106179659.000882764,5634591
2019-05-26,106193207.074571491,5643059
2019-05-27,106206710.394685473,5653119
2019-05-28,106220101.542143632,5664096
2019-05-29,106233847.94418756,5676192
2019-05-30,106247141.08801292,5678234
2019-05-31,106260809.69300371,5694516
2019-06-01,106274279.789991606,5704463
2019-06-02,106287574.599888568,5704426
2019-06-03,106300936.793211656,5717892
2019-06-04,106314464.699218779,5730020
2019-06-05,106328064.58846135,5729528
2019-06-06,106341700.934399595,5737188
2019-06-07,106355170.992807561,5745984
2019-06-08,106368606.020673664,5755096
2019-06-09,106382128.793567455,5763251
2019-06-10,106395848.63634858,5763869
2019-06-11,106409421.235718868,5769466
2019-06-12,106423475.489109074,5721557
2019-06-13,106436950.232804662,5722667
2019-06-14,106450517.490907051,5726776
2019-06-15,106464023.171846489,5739579
2019-06-16,106477765.824018796,5741838
2019-06-17,106491409.180323297,5756847
2019-06-18,106504818.295543926,5766255
2019-06-19,106518322.340936867,5770177
2019-06-20,106531872.92856188,5776810
2019-06-21,106545278.171373538,5769705
2019-06-22,106558880.23257071,5771773
2019-06-23,106572463.15084301,5767339
2019-06-24,106586039.554589931,5761201
2019-06-25,106599590.470731063,5770408
2019-06-26,106613165.327047071,5776008
2019-06-27,106626642.933791216,5776878
2019-06-28,106640192.832859882,5784296
2019-06-29,106653739.457022468,5788830
2019-06-30,106667307.852559911,5799254
2019-07-01,106680852.070758932,5807474
2019-07-02,106694419.729923286,5760460
2019-07-03,106707860.674209432,5742136
2019-07-04,106721450.545659687,5742114
2019-07-05,106734982.175026108,5746500
2019-07-06,106748748.900856505,5749434
2019-07-07,106762427.373237055,5752205
2019-07-08,106776066.74124147,5754040
2019-07-09,106789697.985671234,5736482
2019-07-10,106803276.845438452,5738599
2019-07-11,106816946.481268541,5740355
2019-07-12,106830436.347649687,5745964
2019-07-13,106844084.355071699,5751556
2019-07-14,106857850.386677044,5761060
2019-07-15,106871312.280582782,5765318
2019-07-16,106884791.204318486,5774929
2019-07-17,106898414.534662837,5777759
2019-07-18,106912063.003565115,5780252
2019-07-19,106925526.587702886,5783689
2019-07-20,106939214.855244289,5789928
2019-07-21,106952690.753252247,5791883
2019-07-22,106966292.531815711,5797580
2019-07-23,106979893.721159224,5803442
2019-07-24,106993499.589710957,5810754
2019-07-25,107006997.431226346,5815681
2019-07-26,107020612.99743621,5818356
2019-07-27,107034257.952751959,5829337
2019-07-28,107047769.880429001,5834464
2019-07-29,107061202.188141177,5837452
2019-07-30,107074905.89831215,5839055
2019-07-31,107088370.738399668,5846154
2019-08-01,107101827.974288873,5855169
2019-08-02,107115515.50409156,5859753
2019-08-03,107129122.614698877,5868307
2019-08-04,107142696.971238018,5877092
2019-08-05,107156296.168652426,5862418
2019-08-06,107169824.918092645,5870841
2019-08-07,107183418.183766176,5876059
2019-08-08,107196848.86285736,5873059
2019-08-09,107210362.663651557,5874002
2019-08-10,107224057.179385872,5880575
2019-08-11,107237537.859729575,5886061
2019-08-12,107251168.771594533,5863599
2019-08-13,107264644.269862777,5871533
2019-08-14,107278276.422936426,5881387
2019-08-15,107291722.83104516,5891290
2019-08-16,107305347.847096865,5897449
2019-08-17,107318991.301259859,5906271
2019-08-18,107332553.157703389,5915997
2019-08-19,107345969.329639583,5925800
2019-08-20,107359521.167013047,5943262
2019-08-21,107373082.928205158,5965992
2019-08-22,107386486.912452915,5981091
2019-08-23,107400132.528500078,5996102
2019-08-24,107413371.980798961,6006460
2019-08-25,107427134.021563418,6015646
2019-08-26,107440562.57808301,6026434
2019-08-27,107454042.062781202,6032817
2019-08-28,107467603.893676399,6042823
2019-08-29,107481301.720335657,6053576
2019-08-30,107494861.248715706,6059587
2019-08-31,107508391.463147937,6067119
2019-09-01,107521905.6489151,6077149
2019-09-02,107535477.867949996,6089339
2019-09-03,107548889.946941511,6094468
2019-09-04,107562293.966117773,6101266
2019-09-05,107575865.036640233,6114501
2019-09-06,107589348.471291791,6128161
2019-09-07,107602878.031789933,6137943
2019-09-08,107616317.685280212,6145479
2019-09-09,107629766.519621758,6153845
2019-09-10,107643204.093885693,6168034
2019-09-11,107656700.507927043,6179109
2019-09-12,107670240.138451801,6185762
2019-09-13,107683530.688133244,6192475
2019-09-14,107697062.871535119,6197473
2019-09-15,107710492.042639921,6199608
2019-09-16,107724115.925420578,6205693
2019-09-17,107737585.516549325,6209487
2019-09-18,107751164.7613448,6211017
2019-09-19,107764460.715708459,6201426
2019-09-20,107778010.776502092,6206086
2019-09-21,107791491.981476184,6211480
2019-09-22,107804897.028185064,6218638
2019-09-23,107818501.554585113,6228353
2019-09-24,107831730.30805109,6234762
2019-09-25,107845226.912095053,6244058
2019-09-26,107858589.913876151,6245111
2019-09-27,107871916.98738746,6251924
2019-09-28,107885379.825056308,6258214
2019-09-29,107898882.715021537,6264559
2019-09-30,107912235.803509857,6267264
2019-10-01,107925742.623683938,6267019
2019-10-02,107939054.733248666,6255745
2019-10-03,107952462.435185192,6255817
2019-10-04,107965932.919880558,6258422
2019-10-05,107979420.966246235,6262386
2019-10-06,107992941.395078346,6265573
2019-10-07,108006269.760527333,6268315
2019-10-08,108019551.865689239,6271619
2019-10-09,108032867.97105471,6272042
2019-10-10,108046158.651027447,6274300
2019-10-11,108059492.556040957,6269801
2019-10-12,108072721.158838221,6273114
2019-10-13,108086081.360267604,6280763
2019-10-14,108099415.155946272,6286304
2019-10-15,108112916.282196236,6293694
2019-10-16,108126168.019407795,6300737
2019-10-17,108139391.794208206,6310802
2019-10-18,108152649.750516055,6321012
2019-10-19,108165917.831488755,6327145
2019-10-20,108179234.440497391,6332633
2019-10-21,108192352.19381605,6340428
2019-10-22,108205719.319533433,6347906
2019-10-23,108219060.077584017,6353354
2019-10-24,108232171.354555949,6361771
2019-10-25,108245034.183603728,6361628
2019-10-26,108258160.631351955,6365099
2019-10-27,108271032.521409702,6371786
2019-10-28,108284113.026362756,6377735
2019-10-29,108297139.368976282,6383615
2019-10-30,108310276.520874551,6389776
2019-10-31,108323314.21259228,6394537
2019-11-01,108336517.139713179,6400565
2019-11-02,108349487.043898013,6405074
2019-11-03,108362597.916816928,6408015
2019-11-04,108375568.727958622,6408845
2019-11-05,108388610.092671473,6411832
2019-11-06,108401626.124202014,6415299
2019-11-07,108414610.957182464,6430482
2019-11-08,108427604.784072076,6433834
2019-11-09,108440419.873847566,6438550
2019-11-10,108452963.713993756,6442850
2019-11-11,108465522.410492964,6446498
2019-11-12,108478097.500656613,6443065
2019-11-13,108490642.700858224,6446701
2019-11-14,108503203.841456683,6454439
2019-11-15,108515742.593129163,6459886
2019-11-16,108528285.234966352,6462663
2019-11-17,108540907.970571306,6461152
2019-11-18,108553437.503787758,6467461
2019-11-19,108565817.487134788,6471457
2019-11-20,108578380.294220865,6473907
2019-11-21,108591039.259512783,6479817
2019-11-22,108603547.504881461,6482100
2019-11-23,108616158.585770619,6484278
2019-11-24,108628732.826651282,6488144
2019-11-25,108641075.569891127,6491252
2019-11-26,108652841.609165043,6491512
2019-11-27,108664654.114190188,6495734
2019-11-28,108676365.339222945,6500344
2019-11-29,108688086.097241136,6502762
2019-11-30,108699971.211480773,6506668
2019-12-01,108711447.031781573,6508907
2019-12-02,108723161.174178155,6510323
2019-12-03,108734916.679744136,6516862
2019-12-04,108746555.969710477,6524821
2019-12-05,108758275.711859972,6533102
2019-12-06,108770005.963900435,6541538
2019-12-07,108781796.150242754,6548265
2019-12-08,108793479.886723819,6555903
2019-12-09,108805231.797758377,6561726
2019-12-10,108817127.708723593,6569143
2019-12-11,108828755.62741935,6575321
2019-12-12,108840564.230981876,6581939
2019-12-13,108851863.754851513,6586361
2019-12-14,108862343.985307893,6594915
2019-12-15,108872917.29167662,6599355
2019-12-16,108883413.809343203,6606499
2019-12-17,108893857.451337923,6613522
2019-12-18,108904174.855153591,6618418
2019-12-19,108914516.571767787,6623419
2019-12-20,108924758.045220339,6628989
2019-12-21,108935181.260490813,6632205
2019-12-22,108945431.770157551,6637217
2019-12-23,108955682.380456397,6634156
2019-12-24,108966056.501917336,6633388
2019-12-25,108976277.717841485,6632755
2019-12-26,108986529.386060592,6636560
2019-12-27,108996916.546365493,6641713
2019-12-28,109007369.014234199,6637755
2019-12-29,109017740.101252455,6640247
2019-12-30,109028154.817614596,6637216
2019-12-31,109038477.683431256,6640819
2020-01-01,109048753.003957955,6643851
2020-01-02,109060589.021647217,6647661
2020-01-03,109074215.958839546,6652846
2020-01-04,109087918.94472805,6657872
2020-01-05,109101427.909523139,6660392
2020-01-06,109115182.055045016,6660857
2020-01-07,109128778.930536404,6659652
2020-01-08,109142369.381215828,6657593
2020-01-09,109155973.079590173,6661269
2020-01-10,109169601.28147975,6661480
2020-01-11,109183197.593589784,6662645
2020-01-12,109196821.471870687,6663738
2020-01-13,109210403.988427207,6665208
2020-01-14,109224026.40689653,6657718
2020-01-15,109237540.584606917,6660723
2020-01-16,109251099.618005037,6661706
2020-01-17,109264786.730466966,6657503
2020-01-18,109278371.905735344,6658848
2020-01-19,109292097.585036977,6650412
2020-01-20,109305675.415392248,6647404
2020-01-21,109319355.045670072,6641935
2020-01-22,109332829.498549602,6643973
2020-01-23,109346598.903654945,6638822
2020-01-24,109360164.148244399,6639712
2020-01-25,109373729.432505109,6639273
2020-01-26,109387283.369897937,6640013
2020-01-27,109400936.097508907,6644490
2020-01-28,109414472.702629334,6644867
2020-01-29,109428132.386818525,6645501
2020-01-30,109441612.131933603,6649091
2020-01-31,109455234.861617362,6652730
2020-02-01,109468722.302608235,6656388
2020-02-02,109482333.385311787,6661595
2020-02-03,109496005.391858656,6657392
2020-02-04,109509766.001838426,6661942
2020-02-05,109523284.689190537,6659634
2020-02-06,109536939.011220882,6667933
2020-02-07,109550580.896201315,6674307
2020-02-08,109564115.194342028,6679156
2020-02-09,109577664.933595982,6684777
2020-02-10,109591338.643277284,6690274
2020-02-11,109604992.183613788,6695061
2020-02-12,109618547.642036887,6700608
2020-02-13,109632142.105026858,6708590
2020-02-14,109645915.818828189,6714962
2020-02-15,109659627.500016686,6720834
2020-02-16,109673438.866749352,6723559
2020-02-17,109687101.490264116,6726576
2020-02-18,109700771.02453161,6729411
2020-02-19,109714524.513782001,6729847
2020-02-20,109728064.317035969,6734343
2020-02-21,109741592.659841348,6736959
2020-02-22,109755441.329060846,6735143
2020-02-23,109769409.240224109,6729898
2020-02-24,109783094.043635485,6732599
2020-02-25,109796546.571250996,6735189
2020-02-26,109810185.256042555,6743311
2020-02-27,109823767.011704325,6733980
2020-02-28,109837394.499958981,6743655
2020-02-29,109850952.087430575,6736495
2020-03-01,109864425.816386972,6741445
2020-03-02,109878030.221072791,6742263
2020-03-03,109891655.330538744,6748428
2020-03-04,109905332.657808385,6755070
2020-03-05,109918721.942940577,6757609
2020-03-06,109932371.646962308,6757735
2020-03-07,109945980.715725361,6757628
2020-03-08,109959657.086703298,6761497
2020-03-09,109973143.642368995,6764377
2020-03-10,109986729.820416186,6765946
2020-03-11,110000350.241568574,6767303
2020-03-12,110013898.107408795,6776266
2020-03-13,110027201.083796106,6793549
2020-03-14,110040761.270032479,6794000
2020-03-15,110054378.768850364,6791661
2020-03-16,110067889.831513807,6785473
2020-03-17,110081478.050390135,6783981
2020-03-18,110095117.208628699,6785343
2020-03-19,110108733.701126637,6791607
2020-03-20,110122265.271115586,6798206
2020-03-21,110135934.280492553,6797811
2020-03-22,110149328.407893697,6795956
2020-03-23,110163028.069928306,6791348
2020-03-24,110176532.470251349,6783744
2020-03-25,110190129.221279774,6784262
2020-03-26,110203735.142310584,6779241
2020-03-27,110217468.525157818,6773177
2020-03-28,110231001.553043419,6769338
2020-03-29,110244717.316608621,6763785
2020-03-30,110258227.631208478,6761495
2020-03-31,110271740.433293701,6771195
2020-04-01,110285427.831567754,6778931
2020-04-02,110298953.177649698,6787764
2020-04-03,110312509.700201839,6795100
2020-04-04,110325999.525914994,6803131
2020-04-05,110339531.6802973,6811552
2020-04-06,110352916.886486142,6822021
2020-04-07,110366622.541487413,6829203
2020-04-08,110380748.086739879,6828436
2020-04-09,110394293.202109873,6832610
2020-04-10,110407929.59017518,6833946
2020-04-11,110421351.113732119,6831498
2020-04-12,110435050.095922451,6828488
2020-04-13,110448677.178653333,6829253
2020-04-14,110462386.472573696,6834549
2020-04-15,110476014.524490881,6837719
2020-04-16,110489577.974438101,6845952
2020-04-17,110503054.952566695,6852974
2020-04-18,110516532.313288329,6859743
2020-04-19,110530104.283502223,6862443
2020-04-20,110543680.516430328,6873981
2020-04-21,110557092.332612716,6880473
2020-04-22,110570689.218144988,6895399
2020-04-23,110584209.101675006,6903309
2020-04-24,110597717.597996614,6912692
2020-04-25,110611227.765900408,6927895
2020-04-26,110624736.638787407,6943127
2020-04-27,110638251.18257611,6959039
2020-04-28,110651736.24978596,6973638
2020-04-29,110665348.645042079,6988722
2020-04-30,110678872.389879629,7005800
2020-05-01,110692566.339251502,7023093
2020-05-02,110706157.231239874,7037933
2020-05-03,110719670.103858833,7054169
2020-05-04,110733327.071345729,7069427
2020-05-05,110746867.582280352,7083782
2020-05-06,110760249.800495718,7098096
2020-05-07,110773750.207481542,7110655
2020-05-08,110787362.216743091,7122721
2020-05-09,110800782.325640131,7134686
2020-05-10,110814417.055424614,7149064
2020-05-11,110827897.831995137,7164604
2020-05-12,110841336.357189472,7181963
2020-05-13,110854881.049233516,7200497
2020-05-14,110868408.934266395,7219726
2020-05-15,110881862.014498925,7236331
2020-05-16,110895265.868081482,7249241
2020-05-17,110908826.179763222,7265373
2020-05-18,110922196.979944888,7282680
2020-05-19,110935543.235431018,7295194
2020-05-20,110948994.327597623,7311461
2020-05-21,110962397.656098965,7324118
2020-05-22,110975688.008463243,7341806
2020-05-23,110989375.070140798,7356623
2020-05-24,111002842.869893873,7371003
2020-05-25,111016144.809682109,7389071
2020-05-26,111029619.449371502,7408961
2020-05-27,111042962.633187537,7427077
2020-05-28,111056298.327536445,7443731
2020-05-29,111069751.710040456,7459120
2020-05-30,111083221.230220172,7475542
2020-05-31,111096772.005651296,7491045
2020-06-01,111110158.0906645,7509084
2020-06-02,111123616.160927253,7519609
2020-06-03,111136947.577055627,7528930
2020-06-04,111150310.592333917,7541519
2020-06-05,111163827.964586915,7550832
2020-06-06,111177254.606330048,7567340
2020-06-07,111190716.695428129,7589161
2020-06-08,111204130.239140883,7625453
2020-06-09,111217695.079057042,7640501
2020-06-10,111230978.486796615,7655509
2020-06-11,111244412.231912089,7671984
2020-06-12,111258018.794243748,7696817
2020-06-13,111271578.393564627,7704574
2020-06-14,111285175.890428605,7717042
2020-06-15,111298622.96999361,7736392
2020-06-16,111311987.896226512,7757900
2020-06-17,111325272.96656665,7772390
2020-06-18,111338759.76762493,7790135
2020-06-19,111352279.24674604,7803620
2020-06-20,111365770.585249587,7823279
2020-06-21,111379354.320346252,7844678
2020-06-22,111392725.432510295,7859735
2020-06-23,111406121.488193647,7881297
2020-06-24,111419560.222323411,7903765
2020-06-25,111432973.56342821,7930618
2020-06-26,111446363.794324112,7953105
2020-06-27,111459626.697438004,7978424
2020-06-28,111473419.835186349,7994769
2020-06-29,111487043.724942482,8016662
2020-06-30,111500551.332460157,8022716
2020-07-01,111513950.390356785,8031465
2020-07-02,111527349.964213374,8033043
2020-07-03,111540847.81387411,8044395
2020-07-04,111554289.859214909,8044918
2020-07-05,111567810.223049585,8045695
2020-07-06,111581270.472512578,8055971
2020-07-07,111594791.73857152,8068439
2020-07-08,111608289.713679307,8093199
2020-07-09,111621714.764813297,8111124
2020-07-10,111635060.235531136,8116518
2020-07-11,111648715.120784126,8120486
2020-07-12,111662259.097750927,8124521
2020-07-13,111675758.22473568,8148279
2020-07-14,111689070.744807536,8174278
2020-07-15,111702670.38946821,8196468
2020-07-16,111715983.767309227,8216806
2020-07-17,111729358.867715594,8243433
2020-07-18,111742941.529950101,8264463
2020-07-19,111756398.47663772,8274831
2020-07-20,111769730.683774929,8271839
2020-07-21,111783100.261333811,8295351
2020-07-22,111796528.13837116,8315838
2020-07-23,111810132.649278317,8340782
2020-07-24,111823679.839511728,8374437
2020-07-25,111836923.388609164,8399878
2020-07-26,111850445.256488814,8421949
2020-07-27,111863915.377440942,8459590
2020-07-28,111877468.071829005,8483137
2020-07-29,111890952.026027595,8511178
2020-07-30,111904248.874365007,8533425
2020-07-31,111917733.871202409,8563465
2020-08-01,111931305.277683744,8575126
2020-08-02,111944823.013411151,8605203
2020-08-03,111958322.164980268,8624993
2020-08-04,111971677.930832212,8629659
2020-08-05,111985051.425723113,8639620
2020-08-06,111998657.57034777,8643291
2020-08-07,112012006.677028466,8659116
2020-08-08,112025388.474118681,8673446
2020-08-09,112038863.581522145,8687048
2020-08-10,112052301.727817188,8730094
2020-08-11,112065810.340516098,8773614
2020-08-12,112079521.391157522,8837368
2020-08-13,112093056.151470254,8886937
2020-08-14,112106672.371717141,8937902
2020-08-15,112120119.717987679,8958588
2020-08-16,112133578.525856912,8977207
2020-08-17,112146853.95565837,9003128
2020-08-18,112160508.746222911,9036254
2020-08-19,112174083.132056231,9054647
2020-08-20,112187626.192972851,9071371
2020-08-21,112201136.299615085,9146100
2020-08-22,112214607.215756192,9185464
2020-08-23,112228130.386099887,9196714
2020-08-24,112241581.739030211,9216348
2020-08-25,112254890.920203428,9240274
2020-08-26,112268491.093384807,9255220
2020-08-27,112281991.642570058,9280001
2020-08-28,112295503.164088418,9302160
2020-08-29,112308987.055504061,9319811
2020-08-30,112322607.581854023,9360715
2020-08-31,112336385.172395676,9412267
2020-09-01,112350026.013091332,9466528
2020-09-02,112363618.476047273,9514799
2020-09-03,112377134.202616203,9556359
2020-09-04,112390921.427933732,9568910
2020-09-05,112404442.802564681,9597209
2020-09-06,112418179.98739355,9614424
2020-09-07,112431539.036781905,9615199
2020-09-08,112445116.056505523,9630611
2020-09-09,112458531.815482965,9647587
2020-09-10,112472085.576593941,9675644
2020-09-11,112485639.668343004,9699699
2020-09-12,112499083.23989779,9711648
2020-09-13,112512644.674963113,9731933
2020-09-14,112526101.336341855,9756489
2020-09-15,112539638.846598379,9770669
2020-09-16,112553000.840391072,9791547
2020-09-17,112566830.671359654,9864198
2020-09-18,112580298.578680611,9913109
2020-09-19,112593909.90979461,9946603
2020-09-20,112607661.183316558,9957788
2020-09-21,112621458.184683463,9978728
2020-09-22,112634856.935476415,9993751
2020-09-23,112648543.834000304,10008943
2020-09-24,112662071.259010708,10019512
2020-09-25,112675474.307622725,10032429
2020-09-26,112688915.047495722,10037328
2020-09-27,112702224.873048774,10045324
2020-09-28,112715455.988574883,10068621
2020-09-29,112728663.954664085,10097050
2020-09-30,112741810.971250479,10115942
2020-10-01,112755103.307423757,10124957
2020-10-02,112768364.828091421,10135045
2020-10-03,112781611.936879596,10138359
2020-10-04,112794908.946025563,10139578
2020-10-05,112808252.096881255,10152081
2020-10-06,112821608.056020962,10165038
2020-10-07,112834758.495911409,10171206
2020-10-08,112847902.964387438,10172367
2020-10-09,112861193.97106616,10182770
2020-10-10,112874636.210894301,10175721
2020-10-11,112888248.912902503,10186580
2020-10-12,112901656.341868833,10200399
2020-10-13,112915286.169924683,10198720
2020-10-14,112928774.66080538,10203067
2020-10-15,112942212.825379581,10190874
2020-10-16,112955543.949839274,10187916
2020-10-17,112968995.232031796,10184908
2020-10-18,112982280.00092303,10185712
2020-10-19,112995979.856900328,10188650
2020-10-20,113009377.537510654,10204515
2020-10-21,113022642.090062917,10216998
2020-10-22,113035942.637023867,10213435
2020-10-23,113049147.513303395,10219823
2020-10-24,113062778.269331087,10223528
2020-10-25,113076198.73586953,10242261
2020-10-26,113089525.496891703,10251332
2020-10-27,113102993.30996644,10258359
2020-10-28,113116534.636396475,10264580
2020-10-29,113129962.293020984,10278590
2020-10-30,113143238.793388841,10290285
2020-10-31,113156678.583333722,10293797
2020-11-01,113170229.91925351,10309011
2020-11-02,113183548.036044485,10322589
2020-11-03,113196926.197256039,10330104
2020-11-04,113210372.935612965,10275650
2020-11-05,113223817.669446212,10266537
2020-11-06,113237228.440891607,10272368
2020-11-07,113250624.045771063,10266401
2020-11-08,113264210.118152628,10280862
2020-11-09,113277615.724200081,10289337
2020-11-10,113290893.642682941,10299331
2020-11-11,113304232.385146998,10295410
2020-11-12,113317574.610357709,10295494
2020-11-13,113331061.222111946,10316673
2020-11-14,113344574.864945515,10298374
2020-11-15,113358063.939137167,10288100
2020-11-16,113371413.735384264,10289025
2020-11-17,113384719.322973721,10303862
2020-11-18,113397907.620927764,10317240
2020-11-19,113411441.170054521,10326690
2020-11-20,113424610.692141527,10333288
2020-11-21,113438010.94222579,10333254
2020-11-22,113451320.76573883,10322195
2020-11-23,113464580.887770822,10327769
2020-11-24,113478087.220734183,10350238
2020-11-25,113491307.250142016,10339502
2020-11-26,113504724.423218985,10349298
2020-11-27,113517911.991836212,10305311
2020-11-28,113531592.284753676,10276885
2020-11-29,113545220.038089276,10219570
2020-11-30,113558729.032243698,10215055
2020-12-01,113572167.546310141,10241117
2020-12-02,113585500.743939183,10240055
2020-12-03,113599109.495518521,10229713
2020-12-04,113612518.343469268,10231913
2020-12-05,113625967.824157989,10228591
2020-12-06,113639562.92698545,10213151
2020-12-07,113653115.561010424,10228394
2020-12-08,113666703.79327715,10248031
2020-12-09,113680413.836107981,10256907
2020-12-10,113693735.18615075,10269273
2020-12-11,113707193.765044505,10285468
2020-12-12,113720564.682845508,10302295
2020-12-13,113733787.01398013,10334548
2020-12-14,113747187.606592101,10360028
2020-12-15,113760533.156007866,10393813
2020-12-16,113774024.941212005,10414269
2020-12-17,113787628.67881346,10411058
2020-12-18,113801065.086889124,10419030
2020-12-19,113814543.012561592,10433350
2020-12-20,113828069.117234501,10434881
2020-12-21,113841521.427920927,10443080
2020-12-22,113854953.042011632,10449055
2020-12-23,113868549.598408183,10465573
2020-12-24,113881743.405446986,10484835
2020-12-25,113895120.91590422,10500568
2020-12-26,113908813.066961092,10518608
2020-12-27,113922324.236817985,10542853
2020-12-28,113935953.843927301,10571134
2020-12-29,113949192.537779401,10595473
2020-12-30,113962725.991343351,10624765
2020-12-31,113976155.705426713,10649087
2021-01-01,113989619.013878411,10645719
2021-01-02,114003147.290497538,10675460
2021-01-03,114016511.74829117,10711561
2021-01-04,114029878.854078221,10764330
2021-01-05,114043289.201055912,10790645
2021-01-06,114056673.441123258,10824918
2021-01-07,114070103.414118193,10862403
2021-01-08,114083766.68334444,10904697
2021-01-09,114097191.402896791,10904910
2021-01-10,114110711.444754861,10921284
2021-01-11,114124198.81268285,10927351
2021-01-12,114137615.194722811,10941348
2021-01-13,114151065.003417989,10955655
2021-01-14,114164257.051035032,10970823
2021-01-15,114177829.400368071,10975075
2021-01-16,114191283.737751848,10977867
2021-01-17,114204756.409661729,10982624
2021-01-18,114218283.50374612,11000708
2021-01-19,114231874.65130275,11023271
2021-01-20,114245542.760661665,11046961
2021-01-21,114259042.546308217,11067225
2021-01-22,114272550.966405752,11090339
2021-01-23,114286235.515131052,11110055
2021-01-24,114299795.81490369,11130982
2021-01-25,114313355.162192676,11162374
2021-01-26,114326952.291989212,11172337
2021-01-27,114340310.434305925,11203651
2021-01-28,114353697.490262088,11243499
2021-01-29,114366954.675258665,11304002
2021-01-30,114380223.937329679,11331472
2021-01-31,114393971.761612396,11375564
2021-02-01,114407489.452695355,11426788
2021-02-02,114421007.585761604,11475776
2021-02-03,114434477.248086831,11518412
2021-02-04,114448095.547099661,11575494
2021-02-05,114461528.020546242,11629084
2021-02-06,114475015.121270048,11663160
2021-02-07,114488670.255065226,11692314
2021-02-08,114502122.620937658,11723500
2021-02-09,114515636.430550167,11781143
2021-02-10,114529185.659199116,11851803
2021-02-11,114542638.661321517,11875002
2021-02-12,114556177.804202326,11920538
2021-02-13,114569517.167607804,11969406
2021-02-14,114583096.850858531,12002468
2021-02-15,114596568.746597466,12050710
2021-02-16,114609921.185930283,12101178
2021-02-17,114623540.83685405,12123991
2021-02-18,114636964.02230535,12182912
2021-02-19,114650602.716525143,12244677
2021-02-20,114664078.522840005,12319825
2021-02-21,114677537.656707607,12366371
2021-02-22,114691038.498935393,12435681
2021-02-23,114704579.931587991,12498429
2021-02-24,114718004.254365952,12538814
2021-02-25,114731503.66154534,12562967
2021-02-26,114745065.678192642,12573762
2021-02-27,114758564.31669551,12592230
2021-02-28,114772008.871421859,12612490
2021-03-01,114785440.965644136,12621182
2021-03-02,114799077.805951021,12628483
2021-03-03,114812413.525054059,12660876
2021-03-04,114825932.930655737,12683880
2021-03-05,114839503.267618048,12714226
2021-03-06,114853139.270121192,12729783
2021-03-07,114866595.987284428,12755248
2021-03-08,114880112.834103548,12776771
2021-03-09,114893519.413083622,12801618
2021-03-10,114907037.277215225,12804062
2021-03-11,114920348.060499646,12821464
2021-03-12,114933829.298923988,12855834
2021-03-13,114947364.606523855,12886862
2021-03-14,114960973.260879236,12917133
2021-03-15,114974407.592490917,12950540
2021-03-16,114987928.498950618,12992637
2021-03-17,115001420.582090539,13035366
2021-03-18,115014884.849488249,13086328
2021-03-19,115028346.995909452,13123212
2021-03-20,115041887.729243614,13156207
2021-03-21,115055212.03090509,13178726
2021-03-22,115068683.010611772,13223988
2021-03-23,115082163.435173616,13235409
2021-03-24,115095593.124238314,13275064
2021-03-25,115109089.961215452,13302599
2021-03-26,115122650.485105098,13330199
2021-03-27,115136089.500122118,13352878
2021-03-28,115149547.295081942,13375811
2021-03-29,115163077.681840729,13407830
2021-03-30,115176606.171576677,13447840
2021-03-31,115190010.637024718,13512466
2021-04-01,115203506.463497876,13578722
2021-04-02,115216846.336266773,13621098
2021-04-03,115230339.936656644,13649296
2021-04-04,115243902.418418223,13660411
2021-04-05,115257409.116704945,13694421
2021-04-06,115270872.502612563,13738098
2021-04-07,115284375.182419102,13775995
2021-04-08,115297817.759116945,13797053
2021-04-09,115311154.639087273,13818043
2021-04-10,115324786.583051897,13843603
2021-04-11,115338331.28753622,13864853
2021-04-12,115351872.573153545,13886919
2021-04-13,115365306.748630033,13922939
2021-04-14,115378694.341506563,13957444
2021-04-15,115392099.044416566,13983658
2021-04-16,115405427.928671824,14048635
2021-04-17,115418809.880122162,14121469
2021-04-18,115432295.610335014,14173616
2021-04-19,115445597.689412977,14244615
2021-04-20,115459273.784470953,14347823
2021-04-21,115472846.572907784,14405807
2021-04-22,115486064.758889041,14450567
2021-04-23,115499403.415687902,14487239
2021-04-24,115513041.914708213,14507841
2021-04-25,115526862.157137601,14498965
2021-04-26,115540307.031324061,14478331
2021-04-27,115553714.020719202,14485238
2021-04-28,115567192.599513803,14514625
2021-04-29,115580578.118761819,14542267
2021-04-30,115594001.570388181,14555034
2021-05-01,115607690.052315685,14546178
2021-05-02,115621219.159516468,14558168
2021-05-03,115634858.217714036,14588757
2021-05-04,115648457.782244983,14608341
2021-05-05,115662084.341166537,14634434
2021-05-06,115675589.382131172,14661270
2021-05-07,115689029.953090476,14691470
2021-05-08,115702440.350798603,14824521
2021-05-09,115715797.496940895,14906133
2021-05-10,115729352.042256433,15050861
2021-05-11,115742779.569685245,15203754
2021-05-12,115756132.401049976,15293055
2021-05-13,115769655.719128452,15346583
2021-05-14,115783060.614242614,15400430
2021-05-15,115796523.278791392,15446086
2021-05-16,115809931.031790645,15475015
2021-05-17,115823320.609940491,15507547
2021-05-18,115836769.426265772,15546353
2021-05-19,115850239.698336815,15594936
2021-05-20,115863781.726337158,15579084
2021-05-21,115877350.901401566,15593210
2021-05-22,115890924.56349302,15615116
2021-05-23,115904423.898533912,15632566
2021-05-24,115917962.755818252,15640151
2021-05-25,115931320.880277501,15631830
2021-05-26,115944812.275567755,15623638
2021-05-27,115958290.934538199,15618036
2021-05-28,115971814.697487407,15631004
2021-05-29,115985439.358583066,15642678
2021-05-30,115998975.984688084,15648393
2021-05-31,116012434.333571781,15661586
2021-06-01,116025960.756269244,15667121
2021-06-02,116039603.989185431,15664799
2021-06-03,116053042.606790753,15627712
2021-06-04,116066668.855434855,15568181
2021-06-05,116080080.564189301,15519885
2021-06-06,116093759.460482869,15471876
2021-06-07,116107221.656109546,15453908
2021-06-08,116120757.955858481,15453209
2021-06-09,116134263.66116465,15446946
2021-06-10,116147695.865602595,15434734
2021-06-11,116161213.427976889,15440472
2021-06-12,116174727.589284877,15422028
2021-06-13,116188441.027398039,15427919
2021-06-14,116202079.816434405,15432357
2021-06-15,116215799.3232461,15442894
2021-06-16,116229243.483205107,15453960
2021-06-17,116242854.685130712,15478483
2021-06-18,116256309.621714998,15495590
2021-06-19,116269923.692089915,15502304
2021-06-20,116283547.325025663,15510598
2021-06-21,116296870.733259352,15515314
2021-06-22,116310478.792603611,15517178
2021-06-23,116324045.11880689,15506535
2021-06-24,116337556.667597186,15500173
2021-06-25,116350925.67748243,15491969
2021-06-26,116364505.952306993,15488068
2021-06-27,116378151.984726388,15491507
2021-06-28,116391782.101582698,15555090
2021-06-29,116405247.06222717,15596953
2021-06-30,116418803.164646385,15612284
2021-07-01,116432197.706759247,15616702
2021-07-02,116445828.680405052,15633557
2021-07-03,116459295.66808604,15646273
2021-07-04,116472927.577978846,15665611
2021-07-05,116486478.610945881,15672089
2021-07-06,116499995.178632662,15703891
2021-07-07,116513430.2781772,15733982
2021-07-08,116526977.857337573,15760620
2021-07-09,116540419.021476524,15786341
2021-07-10,116553983.1506986,15802145
2021-07-11,116567430.407363314,15814535
2021-07-12,116580777.768348251,15843704
2021-07-13,116594052.831649449,15870993
2021-07-14,116607494.158568728,15896842
2021-07-15,116620985.522953252,15912910
2021-07-16,116634319.613037103,15935428
2021-07-17,116647637.974767613,15952557
2021-07-18,116661073.56721471,15961560
2021-07-19,116674495.720616636,15982891
2021-07-20,116687817.653775088,15998002
2021-07-21,116701353.410187685,16007319
2021-07-22,116714805.435353221,16026357
2021-07-23,116728142.304499459,16045992
2021-07-24,116741792.521594792,16043147
2021-07-25,116755217.851041039,16062182
2021-07-26,116768504.762111969,16069521
2021-07-27,116781681.116723848,16096454
2021-07-28,116794848.921502926,16117244
2021-07-29,116808134.372022721,16119274
2021-07-30,116821285.359141342,16131445
2021-07-31,116834470.002877215,16146731
2021-08-01,116847646.992265672,16153674
2021-08-02,116860979.582716068,16158061
2021-08-03,116874165.448368096,16172051
2021-08-04,116887356.139381025,16197803
2021-08-05,116900592.03699087,16214110
2021-08-06,116914053.786219502,16233886
2021-08-07,116927610.356988225,16248845
2021-08-08,116941110.080580761,16263943
2021-08-09,116954630.548149033,16281863
2021-08-10,116968128.089450321,16306328
2021-08-11,116981387.024062513,16331627
2021-08-12,116994881.525270791,16345661
2021-08-13,117008314.600073578,16364592
2021-08-14,117021765.457054631,16386998
2021-08-15,117035042.212555096,16409050
2021-08-16,117048498.519065508,16423227
2021-08-17,117062009.528138057,16446167
2021-08-18,117075300.714886745,16467882
2021-08-19,117088987.193632026,16490494
2021-08-20,117102378.099579738,16507269
2021-08-21,117115748.920438697,16523679
2021-08-22,117129258.878915385,16546183
2021-08-23,117142549.054076688,16562316
2021-08-24,117156028.14939119,16590239
2021-08-25,117169463.086999588,16625842
2021-08-26,117182917.216784382,16659763
2021-08-27,117196297.424038925,16698669
2021-08-28,117209658.552409121,16724215
2021-08-29,117223118.577286708,16750293
2021-08-30,117226815.303242343,16759833
2021-08-31,117226815.303242343,16759833
